ts,target_date,horizon,predicted_price,current_price,model_run_id,phase
2026-02-12 23:51:40.953408,2026-02-17,7d,66968.14,68793.96,run_20260212_235044,phase3
2026-02-12 23:51:40.959118,2026-03-12,30d,69044.36,68793.96,run_20260212_235044,phase3
2026-02-12 23:51:40.964704,2026-04-11,60d,68192.51,68793.96,run_20260212_235044,phase3
2026-02-12 23:51:40.969543,2026-05-11,90d,71274.27,68793.96,run_20260212_235044,phase3
2026-02-12 23:51:40.974107,2026-08-09,180d,49521.11,68793.96,run_20260212_235044,phase3
2026-02-12 23:51:41.045256,2027-02-10,365d,29996.03,68793.96,run_20260212_235044,phase3
2024-01-01 00:00:00,2024-01-05,7d,45000.0,42000.0,dummy_run,phase3
2026-02-13 00:33:10.015755,2026-02-17,7d,66968.14,68793.96,run_20260213_003119,phase3
2026-02-13 00:33:10.020438,2026-03-12,30d,69044.36,68793.96,run_20260213_003119,phase3
2026-02-13 00:33:10.025171,2026-04-11,60d,68192.51,68793.96,run_20260213_003119,phase3
2026-02-13 00:33:10.029551,2026-05-11,90d,71274.27,68793.96,run_20260213_003119,phase3
2026-02-13 00:33:10.033771,2026-08-09,180d,49521.11,68793.96,run_20260213_003119,phase3
2026-02-13 00:33:10.099623,2027-02-10,365d,29996.03,68793.96,run_20260213_003119,phase3
2026-02-13 06:07:19.883721,2026-02-17,7d,66968.14,68793.96,run_20260213_060004,phase3
2026-02-13 06:07:19.890212,2026-03-12,30d,69044.36,68793.96,run_20260213_060004,phase3
2026-02-13 06:07:19.899039,2026-04-11,60d,68192.51,68793.96,run_20260213_060004,phase3
2026-02-13 06:07:19.904700,2026-05-11,90d,71274.27,68793.96,run_20260213_060004,phase3
2026-02-13 06:07:19.908854,2026-08-09,180d,49521.11,68793.96,run_20260213_060004,phase3
2026-02-13 06:07:20.025994,2027-02-10,365d,29996.03,68793.96,run_20260213_060004,phase3
2026-02-13 09:07:13.643306,2026-02-17,7d,66968.14,68793.96,run_20260213_090003,phase3
2026-02-13 09:07:13.649450,2026-03-12,30d,69044.36,68793.96,run_20260213_090003,phase3
2026-02-13 09:07:13.654711,2026-04-11,60d,68192.51,68793.96,run_20260213_090003,phase3
2026-02-13 09:07:13.659513,2026-05-11,90d,71274.27,68793.96,run_20260213_090003,phase3
2026-02-13 09:07:13.663959,2026-08-09,180d,49521.11,68793.96,run_20260213_090003,phase3
2026-02-13 09:07:13.819963,2027-02-10,365d,29996.03,68793.96,run_20260213_090003,phase3
2026-02-13 09:16:23.761421,2026-02-20,7d,66095.83,66399.27,run_20260213_091333,phase3
2026-02-13 09:16:23.766490,2026-03-15,30d,67996.68,66399.27,run_20260213_091333,phase3
2026-02-13 09:16:23.771530,2026-04-14,60d,64109.06,66399.27,run_20260213_091333,phase3
2026-02-13 09:16:23.776080,2026-05-14,90d,70133.37,66399.27,run_20260213_091333,phase3
2026-02-13 09:16:23.780032,2026-08-12,180d,50254.26,66399.27,run_20260213_091333,phase3
2026-02-13 09:16:23.842857,2027-02-13,365d,28968.89,66399.27,run_20260213_091333,phase3
2026-02-13 12:06:44.092203,2026-02-20,7d,66186.69,66652.34,run_20260213_120003,phase3
2026-02-13 12:06:44.098706,2026-03-15,30d,67415.91,66652.34,run_20260213_120003,phase3
2026-02-13 12:06:44.120303,2026-04-14,60d,64847.77,66652.34,run_20260213_120003,phase3
2026-02-13 12:06:44.150882,2026-05-14,90d,70636.35,66652.34,run_20260213_120003,phase3
2026-02-13 12:06:44.156608,2026-08-12,180d,49833.37,66652.34,run_20260213_120003,phase3
2026-02-13 12:06:44.356904,2027-02-13,365d,29079.34,66652.34,run_20260213_120003,phase3
2026-02-13 15:06:37.297794,2026-02-20,7d,66193.17,66282.34,run_20260213_150003,phase3
2026-02-13 15:06:37.345899,2026-03-15,30d,67715.71,66282.34,run_20260213_150003,phase3
2026-02-13 15:06:37.351413,2026-04-14,60d,64427.78,66282.34,run_20260213_150003,phase3
2026-02-13 15:06:37.355836,2026-05-14,90d,70090.53,66282.34,run_20260213_150003,phase3
2026-02-13 15:06:37.360884,2026-08-12,180d,50028.16,66282.34,run_20260213_150003,phase3
2026-02-13 15:06:37.583149,2027-02-13,365d,28917.85,66282.34,run_20260213_150003,phase3
2026-02-13 18:06:43.433753,2026-02-20,7d,65631.97,66581.98,run_20260213_180003,phase3
2026-02-13 18:06:43.482908,2026-03-15,30d,67580.28,66581.98,run_20260213_180003,phase3
2026-02-13 18:06:43.497148,2026-04-14,60d,65302.65,66581.98,run_20260213_180003,phase3
2026-02-13 18:06:43.502198,2026-05-14,90d,69565.26,66581.98,run_20260213_180003,phase3
2026-02-13 18:06:43.506344,2026-08-12,180d,50052.54,66581.98,run_20260213_180003,phase3
2026-02-13 18:06:43.650260,2027-02-13,365d,29048.57,66581.98,run_20260213_180003,phase3
2026-02-13 21:06:34.196560,2026-02-20,7d,67192.28,67123.38,run_20260213_210003,phase3
2026-02-13 21:06:34.205041,2026-03-15,30d,67388.43,67123.38,run_20260213_210003,phase3
2026-02-13 21:06:34.209826,2026-04-14,60d,64823.23,67123.38,run_20260213_210003,phase3
2026-02-13 21:06:34.214686,2026-05-14,90d,69301.02,67123.38,run_20260213_210003,phase3
2026-02-13 21:06:34.219313,2026-08-12,180d,49644.29,67123.38,run_20260213_210003,phase3
2026-02-13 21:06:34.425578,2027-02-13,365d,29284.86,67123.38,run_20260213_210003,phase3
2026-02-14 00:06:45.626445,2026-02-20,7d,67994.59,67652.05,run_20260214_000003,phase3
2026-02-14 00:06:45.644975,2026-03-15,30d,67251.58,67652.05,run_20260214_000003,phase3
2026-02-14 00:06:45.665340,2026-04-14,60d,65671.32,67652.05,run_20260214_000003,phase3
2026-02-14 00:06:45.671881,2026-05-14,90d,70854.3,67652.05,run_20260214_000003,phase3
2026-02-14 00:06:45.676138,2026-08-12,180d,48430.47,67652.05,run_20260214_000003,phase3
2026-02-14 00:06:45.893929,2027-02-13,365d,29515.6,67652.05,run_20260214_000003,phase3
2026-02-14 03:06:34.105256,2026-02-20,7d,68672.45,69053.29,run_20260214_030003,phase3
2026-02-14 03:06:34.110539,2026-03-15,30d,68067.51,69053.29,run_20260214_030003,phase3
2026-02-14 03:06:34.115472,2026-04-14,60d,67747.23,69053.29,run_20260214_030003,phase3
2026-02-14 03:06:34.132842,2026-05-14,90d,72180.6,69053.29,run_20260214_030003,phase3
2026-02-14 03:06:34.165777,2026-08-12,180d,49040.08,69053.29,run_20260214_030003,phase3
2026-02-14 03:06:34.335608,2027-02-13,365d,30127.18,69053.29,run_20260214_030003,phase3
2026-02-14 06:06:41.045552,2026-02-20,7d,67910.66,68649.24,run_20260214_060003,phase3
2026-02-14 06:06:41.051407,2026-03-15,30d,69036.12,68649.24,run_20260214_060003,phase3
2026-02-14 06:06:41.056747,2026-04-14,60d,67567.97,68649.24,run_20260214_060003,phase3
2026-02-14 06:06:41.061540,2026-05-14,90d,71903.6,68649.24,run_20260214_060003,phase3
2026-02-14 06:06:41.065597,2026-08-12,180d,48616.52,68649.24,run_20260214_060003,phase3
2026-02-14 06:06:41.239967,2027-02-13,365d,29950.83,68649.24,run_20260214_060003,phase3
2026-02-14 09:06:45.990869,2026-02-20,7d,68201.71,68869.03,run_20260214_090003,phase3
2026-02-14 09:06:45.996567,2026-03-15,30d,69320.87,68869.03,run_20260214_090003,phase3
2026-02-14 09:06:46.001502,2026-04-14,60d,67257.47,68869.03,run_20260214_090003,phase3
2026-02-14 09:06:46.006353,2026-05-14,90d,71287.34,68869.03,run_20260214_090003,phase3
2026-02-14 09:06:46.013534,2026-08-12,180d,48739.8,68869.03,run_20260214_090003,phase3
2026-02-14 09:06:46.325676,2027-02-13,365d,30046.76,68869.03,run_20260214_090003,phase3
2026-02-14 12:06:48.220856,2026-02-21,7d,67717.47,68854.77,run_20260214_120003,phase3
2026-02-14 12:06:48.226754,2026-03-16,30d,68935.55,68854.77,run_20260214_120003,phase3
2026-02-14 12:06:48.232358,2026-04-15,60d,67242.35,68854.77,run_20260214_120003,phase3
2026-02-14 12:06:48.259385,2026-05-15,90d,69547.27,68854.77,run_20260214_120003,phase3
2026-02-14 12:06:48.283826,2026-08-13,180d,48418.7,68854.77,run_20260214_120003,phase3
2026-02-14 12:06:48.450518,2027-02-14,365d,29991.96,68854.77,run_20260214_120003,phase3
2026-02-14 15:06:34.670166,2026-02-21,7d,67123.05,68752.35,run_20260214_150002,phase3
2026-02-14 15:06:34.677480,2026-03-16,30d,68424.4,68752.35,run_20260214_150002,phase3
2026-02-14 15:06:34.683719,2026-04-15,60d,67113.51,68752.35,run_20260214_150002,phase3
2026-02-14 15:06:34.688330,2026-05-15,90d,69322.16,68752.35,run_20260214_150002,phase3
2026-02-14 15:06:34.693547,2026-08-13,180d,48771.87,68752.35,run_20260214_150002,phase3
2026-02-14 15:06:34.931722,2027-02-14,365d,29947.34,68752.35,run_20260214_150002,phase3
2026-02-14 18:06:39.179845,2026-02-21,7d,68534.02,69708.23,run_20260214_180003,phase3
2026-02-14 18:06:39.185309,2026-03-16,30d,68931.4,69708.23,run_20260214_180003,phase3
2026-02-14 18:06:39.190017,2026-04-15,60d,68186.08,69708.23,run_20260214_180003,phase3
2026-02-14 18:06:39.194530,2026-05-15,90d,70166.58,69708.23,run_20260214_180003,phase3
2026-02-14 18:06:39.198617,2026-08-13,180d,49283.03,69708.23,run_20260214_180003,phase3
2026-02-14 18:06:39.452532,2027-02-14,365d,30305.42,69708.23,run_20260214_180003,phase3
2026-02-14 21:06:48.372000,2026-02-21,7d,69215.74,70424.71,run_20260214_210002,phase3
2026-02-14 21:06:48.377657,2026-03-16,30d,69733.57,70424.71,run_20260214_210002,phase3
2026-02-14 21:06:48.384806,2026-04-15,60d,69098.43,70424.71,run_20260214_210002,phase3
2026-02-14 21:06:48.392864,2026-05-15,90d,70513.93,70424.71,run_20260214_210002,phase3
2026-02-14 21:06:48.398107,2026-08-13,180d,49653.1,70424.71,run_20260214_210002,phase3
2026-02-14 21:06:48.575884,2027-02-14,365d,30566.35,70424.71,run_20260214_210002,phase3
2026-02-15 00:06:41.292307,2026-02-21,7d,68371.14,69819.17,run_20260215_000003,phase3
2026-02-15 00:06:41.298076,2026-03-16,30d,68967.83,69819.17,run_20260215_000003,phase3
2026-02-15 00:06:41.303733,2026-04-15,60d,67745.58,69819.17,run_20260215_000003,phase3
2026-02-15 00:06:41.308788,2026-05-15,90d,70347.58,69819.17,run_20260215_000003,phase3
2026-02-15 00:06:41.316341,2026-08-13,180d,49327.77,69819.17,run_20260215_000003,phase3
2026-02-15 00:06:41.591331,2027-02-14,365d,30353.67,69819.17,run_20260215_000003,phase3
2026-02-15 03:06:31.080268,2026-02-21,7d,68538.08,69712.32,run_20260215_030003,phase3
2026-02-15 03:06:31.097782,2026-03-16,30d,68935.45,69712.32,run_20260215_030003,phase3
2026-02-15 03:06:31.115829,2026-04-15,60d,68190.1,69712.32,run_20260215_030003,phase3
2026-02-15 03:06:31.129872,2026-05-15,90d,70170.73,69712.32,run_20260215_030003,phase3
2026-02-15 03:06:31.138404,2026-08-13,180d,49285.93,69712.32,run_20260215_030003,phase3
2026-02-15 03:06:31.335830,2027-02-14,365d,30307.2,69712.32,run_20260215_030003,phase3
2026-02-15 06:06:38.337024,2026-02-21,7d,68848.99,69969.99,run_20260215_060003,phase3
2026-02-15 06:06:38.345605,2026-03-16,30d,69380.55,69969.99,run_20260215_060003,phase3
2026-02-15 06:06:38.352194,2026-04-15,60d,68599.14,69969.99,run_20260215_060003,phase3
2026-02-15 06:06:38.359838,2026-05-15,90d,70786.41,69969.99,run_20260215_060003,phase3
2026-02-15 06:06:38.364135,2026-08-13,180d,49434.47,69969.99,run_20260215_060003,phase3
2026-02-15 06:06:38.573980,2027-02-14,365d,30368.95,69969.99,run_20260215_060003,phase3
2026-02-15 09:06:49.518849,2026-02-21,7d,68871.07,69772.88,run_20260215_090003,phase3
2026-02-15 09:06:49.536464,2026-03-16,30d,69065.17,69772.88,run_20260215_090003,phase3
2026-02-15 09:06:49.571319,2026-04-15,60d,67899.61,69772.88,run_20260215_090003,phase3
2026-02-15 09:06:49.578516,2026-05-15,90d,70232.07,69772.88,run_20260215_090003,phase3
2026-02-15 09:06:49.583233,2026-08-13,180d,49328.8,69772.88,run_20260215_090003,phase3
2026-02-15 09:06:49.756788,2027-02-14,365d,30333.54,69772.88,run_20260215_090003,phase3
2026-02-15 12:06:42.635465,2026-02-22,7d,68728.56,69511.54,run_20260215_120002,phase3
2026-02-15 12:06:42.650942,2026-03-17,30d,69357.07,69511.54,run_20260215_120002,phase3
2026-02-15 12:06:42.689268,2026-04-16,60d,67991.36,69511.54,run_20260215_120002,phase3
2026-02-15 12:06:42.694734,2026-05-16,90d,70132.48,69511.54,run_20260215_120002,phase3
2026-02-15 12:06:42.699421,2026-08-14,180d,48247.51,69511.54,run_20260215_120002,phase3
2026-02-15 12:06:42.842013,2027-02-15,365d,29854.73,69511.54,run_20260215_120002,phase3
2026-02-15 15:06:34.063823,2026-02-22,7d,69747.81,70269.98,run_20260215_150003,phase3
2026-02-15 15:06:34.070990,2026-03-17,30d,69174.27,70269.98,run_20260215_150003,phase3
2026-02-15 15:06:34.077658,2026-04-16,60d,67930.26,70269.98,run_20260215_150003,phase3
2026-02-15 15:06:34.125214,2026-05-16,90d,69129.22,70269.98,run_20260215_150003,phase3
2026-02-15 15:06:34.130878,2026-08-14,180d,48652.29,70269.98,run_20260215_150003,phase3
2026-02-15 15:06:34.289590,2027-02-15,365d,30180.56,70269.98,run_20260215_150003,phase3
2026-02-15 18:06:39.687672,2026-02-22,7d,69886.36,70400.45,run_20260215_180003,phase3
2026-02-15 18:06:39.693027,2026-03-17,30d,69547.04,70400.45,run_20260215_180003,phase3
2026-02-15 18:06:39.699422,2026-04-16,60d,67981.86,70400.45,run_20260215_180003,phase3
2026-02-15 18:06:39.704161,2026-05-16,90d,70249.73,70400.45,run_20260215_180003,phase3
2026-02-15 18:06:39.711119,2026-08-14,180d,48989.21,70400.45,run_20260215_180003,phase3
2026-02-15 18:06:39.937351,2027-02-15,365d,30236.69,70400.45,run_20260215_180003,phase3
2026-02-15 21:06:39.647050,2026-02-22,7d,69864.21,70260.75,run_20260215_210003,phase3
2026-02-15 21:06:39.652798,2026-03-17,30d,68726.58,70260.75,run_20260215_210003,phase3
2026-02-15 21:06:39.664492,2026-04-16,60d,68624.25,70260.75,run_20260215_210003,phase3
2026-02-15 21:06:39.687504,2026-05-16,90d,70040.84,70260.75,run_20260215_210003,phase3
2026-02-15 21:06:39.702487,2026-08-14,180d,48774.73,70260.75,run_20260215_210003,phase3
2026-02-15 21:06:39.945501,2027-02-15,365d,30176.68,70260.75,run_20260215_210003,phase3
2026-02-16 00:06:36.651983,2026-02-22,7d,68869.03,69088.66,run_20260216_000003,phase3
2026-02-16 00:06:36.657180,2026-03-17,30d,68924.47,69088.66,run_20260216_000003,phase3
2026-02-16 00:06:36.661963,2026-04-16,60d,67446.65,69088.66,run_20260216_000003,phase3
2026-02-16 00:06:36.666610,2026-05-16,90d,70301.61,69088.66,run_20260216_000003,phase3
2026-02-16 00:06:36.671001,2026-08-14,180d,47921.4,69088.66,run_20260216_000003,phase3
2026-02-16 00:06:36.869304,2027-02-15,365d,29673.15,69088.66,run_20260216_000003,phase3
2026-02-16 03:06:44.110177,2026-02-22,7d,68024.6,68539.64,run_20260216_030003,phase3
2026-02-16 03:06:44.115941,2026-03-17,30d,68239.9,68539.64,run_20260216_030003,phase3
2026-02-16 03:06:44.121170,2026-04-16,60d,66457.15,68539.64,run_20260216_030003,phase3
2026-02-16 03:06:44.126516,2026-05-16,90d,70523.54,68539.64,run_20260216_030003,phase3
2026-02-16 03:06:44.141095,2026-08-14,180d,47584.95,68539.64,run_20260216_030003,phase3
2026-02-16 03:06:44.279289,2027-02-15,365d,29437.29,68539.64,run_20260216_030003,phase3
2026-02-16 06:06:38.426241,2026-02-22,7d,68115.66,68417.14,run_20260216_060004,phase3
2026-02-16 06:06:38.431655,2026-03-17,30d,68400.38,68417.14,run_20260216_060004,phase3
2026-02-16 06:06:38.439935,2026-04-16,60d,66592.18,68417.14,run_20260216_060004,phase3
2026-02-16 06:06:38.490908,2026-05-16,90d,70339.88,68417.14,run_20260216_060004,phase3
2026-02-16 06:06:38.533438,2026-08-14,180d,47510.58,68417.14,run_20260216_060004,phase3
2026-02-16 06:06:38.670494,2027-02-15,365d,29384.67,68417.14,run_20260216_060004,phase3
2026-02-16 09:06:41.078457,2026-02-22,7d,68538.99,68746.98,run_20260216_090003,phase3
2026-02-16 09:06:41.102817,2026-03-17,30d,68797.25,68746.98,run_20260216_090003,phase3
2026-02-16 09:06:41.115641,2026-04-16,60d,66975.35,68746.98,run_20260216_090003,phase3
2026-02-16 09:06:41.121650,2026-05-16,90d,71058.53,68746.98,run_20260216_090003,phase3
2026-02-16 09:06:41.127468,2026-08-14,180d,47684.13,68746.98,run_20260216_090003,phase3
2026-02-16 09:06:41.272117,2027-02-15,365d,29526.37,68746.98,run_20260216_090003,phase3
2026-02-16 12:06:39.801281,2026-02-23,7d,67946.26,68235.7,run_20260216_120002,phase3
2026-02-16 12:06:39.829943,2026-03-18,30d,67944.79,68235.7,run_20260216_120002,phase3
2026-02-16 12:06:39.843160,2026-04-17,60d,66915.39,68235.7,run_20260216_120002,phase3
2026-02-16 12:06:39.850120,2026-05-17,90d,70637.68,68235.7,run_20260216_120002,phase3
2026-02-16 12:06:39.858143,2026-08-15,180d,45829.95,68235.7,run_20260216_120002,phase3
2026-02-16 12:06:40.058844,2027-02-16,365d,29254.5,68235.7,run_20260216_120002,phase3
2026-02-16 15:06:35.383429,2026-02-23,7d,67878.34,68380.66,run_20260216_150003,phase3
2026-02-16 15:06:35.401713,2026-03-18,30d,68081.72,68380.66,run_20260216_150003,phase3
2026-02-16 15:06:35.421797,2026-04-17,60d,66230.17,68380.66,run_20260216_150003,phase3
2026-02-16 15:06:35.428196,2026-05-17,90d,70242.87,68380.66,run_20260216_150003,phase3
2026-02-16 15:06:35.432846,2026-08-15,180d,47524.83,68380.66,run_20260216_150003,phase3
2026-02-16 15:06:35.636001,2027-02-16,365d,29383.94,68380.66,run_20260216_150003,phase3
2026-02-16 18:06:34.584571,2026-02-23,7d,68397.97,68731.09,run_20260216_180003,phase3
2026-02-16 18:06:34.589707,2026-03-18,30d,68388.33,68731.09,run_20260216_180003,phase3
2026-02-16 18:06:34.594891,2026-04-17,60d,67247.45,68731.09,run_20260216_180003,phase3
2026-02-16 18:06:34.623130,2026-05-17,90d,71358.5,68731.09,run_20260216_180003,phase3
2026-02-16 18:06:34.644858,2026-08-15,180d,45913.2,68731.09,run_20260216_180003,phase3
2026-02-16 18:06:34.854101,2027-02-16,365d,29466.87,68731.09,run_20260216_180003,phase3
2026-02-16 21:06:43.390991,2026-02-23,7d,68471.75,68820.53,run_20260216_210003,phase3
2026-02-16 21:06:43.397165,2026-03-18,30d,67561.24,68820.53,run_20260216_210003,phase3
2026-02-16 21:06:43.407965,2026-04-17,60d,67215.57,68820.53,run_20260216_210003,phase3
2026-02-16 21:06:43.424986,2026-05-17,90d,70501.18,68820.53,run_20260216_210003,phase3
2026-02-16 21:06:43.438977,2026-08-15,180d,46201.12,68820.53,run_20260216_210003,phase3
2026-02-16 21:06:43.601006,2027-02-16,365d,29505.23,68820.53,run_20260216_210003,phase3
2026-02-17 00:17:11.126812,2026-02-23,7d,68480.83,68500.03,run_20260217_001423,phase3
2026-02-17 00:17:11.132183,2026-03-18,30d,68005.26,68500.03,run_20260217_001423,phase3
2026-02-17 00:17:11.136764,2026-04-17,60d,68132.33,68500.03,run_20260217_001423,phase3
2026-02-17 00:17:11.141389,2026-05-17,90d,70150.67,68500.03,run_20260217_001423,phase3
2026-02-17 00:17:11.145822,2026-08-15,180d,68415.23,68500.03,run_20260217_001423,phase3
2026-02-17 00:17:11.222855,2027-02-16,365d,108238.81,68500.03,run_20260217_001423,phase3
2026-02-17 11:45:59.400194,2026-02-24,7d,68318.08,68912.63,run_20260217_114152,phase3
2026-02-17 11:45:59.405818,2026-03-19,30d,67195.59,68912.63,run_20260217_114152,phase3
2026-02-17 11:45:59.411212,2026-04-18,60d,66120.75,68912.63,run_20260217_114152,phase3
2026-02-17 11:45:59.416528,2026-05-18,90d,67459.89,68912.63,run_20260217_114152,phase3
2026-02-17 11:45:59.420847,2026-08-16,180d,66541.61,68912.63,run_20260217_114152,phase3
2026-02-17 11:45:59.485292,2027-02-17,365d,109330.25,68912.63,run_20260217_114152,phase3
2026-02-17 12:12:08.766506,2026-02-24,7d,68410.87,68970.6,run_20260217_120003,phase3
2026-02-17 12:12:08.773946,2026-03-19,30d,66824.15,68970.6,run_20260217_120003,phase3
2026-02-17 12:12:08.779821,2026-04-18,60d,66027.96,68970.6,run_20260217_120003,phase3
2026-02-17 12:12:08.785617,2026-05-18,90d,67265.47,68970.6,run_20260217_120003,phase3
2026-02-17 12:12:08.791989,2026-08-16,180d,66597.71,68970.6,run_20260217_120003,phase3
2026-02-17 12:12:08.918045,2027-02-17,365d,109422.25,68970.6,run_20260217_120003,phase3
2026-02-17 13:03:41.058251,2026-02-18,1d,68215.24,68462.93,run_20260217_130150,phase3
2026-02-17 13:03:41.064073,2026-02-24,7d,68143.47,68462.93,run_20260217_130150,phase3
2026-02-17 13:03:41.069824,2026-03-19,30d,67040.07,68462.93,run_20260217_130150,phase3
2026-02-17 13:03:41.075727,2026-04-18,60d,65837.28,68462.93,run_20260217_130150,phase3
2026-02-17 13:03:41.081867,2026-05-18,90d,67004.61,68462.93,run_20260217_130150,phase3
2026-02-17 13:03:41.086987,2026-08-16,180d,66645.63,68462.93,run_20260217_130150,phase3
2026-02-17 13:03:41.152415,2027-02-17,365d,108616.57,68462.93,run_20260217_130150,phase3
2026-02-17 13:07:36.369643,2026-02-18,1d,68191.87,68439.59,run_20260217_130349,phase3
2026-02-17 13:07:36.376154,2026-02-24,7d,67880.84,68439.59,run_20260217_130349,phase3
2026-02-17 13:07:36.382547,2026-03-19,30d,66941.62,68439.59,run_20260217_130349,phase3
2026-02-17 13:07:36.388424,2026-04-18,60d,65814.76,68439.59,run_20260217_130349,phase3
2026-02-17 13:07:36.393687,2026-05-18,90d,66981.65,68439.59,run_20260217_130349,phase3
2026-02-17 13:07:36.398563,2026-08-16,180d,66622.86,68439.59,run_20260217_130349,phase3
2026-02-17 13:07:36.469107,2027-02-17,365d,108579.53,68439.59,run_20260217_130349,phase3
2026-02-17 15:15:08.369782,2026-02-18,1d,67885.35,68208.0,run_20260217_150003,phase3
2026-02-17 15:15:08.377652,2026-02-24,7d,67852.78,68208.0,run_20260217_150003,phase3
2026-02-17 15:15:08.384069,2026-03-19,30d,66986.62,68208.0,run_20260217_150003,phase3
2026-02-17 15:15:08.390751,2026-04-18,60d,66606.36,68208.0,run_20260217_150003,phase3
2026-02-17 15:15:08.400010,2026-05-18,90d,68201.78,68208.0,run_20260217_150003,phase3
2026-02-17 15:15:08.416408,2026-08-16,180d,66741.68,68208.0,run_20260217_150003,phase3
2026-02-17 15:15:08.578564,2027-02-17,365d,108238.52,68208.0,run_20260217_150003,phase3
2026-02-17 18:18:15.001831,2026-02-18,1d,67834.67,68119.49,run_20260217_180003,phase3
2026-02-17 18:18:15.010798,2026-02-24,7d,67651.45,68119.49,run_20260217_180003,phase3
2026-02-17 18:18:15.016966,2026-03-19,30d,66902.54,68119.49,run_20260217_180003,phase3
2026-02-17 18:18:15.023292,2026-04-18,60d,66570.28,68119.49,run_20260217_180003,phase3
2026-02-17 18:18:15.028628,2026-05-18,90d,66299.9,68119.49,run_20260217_180003,phase3
2026-02-17 18:18:15.033060,2026-08-16,180d,66599.8,68119.49,run_20260217_180003,phase3
2026-02-17 18:18:15.237243,2027-02-17,365d,108170.26,68119.49,run_20260217_180003,phase3
2026-02-17 19:05:19.596189,2026-02-18,1d,67951.64,68119.49,run_20260217_190024,phase6
2026-02-17 19:05:19.660084,2026-02-24,7d,67687.9,68119.49,run_20260217_190024,phase6
2026-02-17 19:05:19.665593,2026-03-19,30d,66452.54,68119.49,run_20260217_190024,phase6
2026-02-17 19:05:19.670908,2026-04-18,60d,71459.54,68119.49,run_20260217_190024,phase6
2026-02-17 19:05:19.676094,2026-05-18,90d,82102.67,68119.49,run_20260217_190024,phase6
2026-02-17 19:05:19.678390,2026-08-16,180d,117283.48,68119.49,run_20260217_190024,phase6
2026-02-17 19:05:19.680481,2027-02-17,365d,128217.0,68119.49,run_20260217_190024,phase6
2026-02-18 09:36:01.523725,2026-02-19,1d,67417.56,67434.84,run_20260218_093037,phase6
2026-02-18 09:36:01.588234,2026-02-25,7d,67155.03,67434.84,run_20260218_093037,phase6
2026-02-18 09:36:01.593620,2026-03-20,30d,65697.12,67434.84,run_20260218_093037,phase6
2026-02-18 09:36:01.599214,2026-04-19,60d,72725.75,67434.84,run_20260218_093037,phase6
2026-02-18 09:36:01.604828,2026-05-19,90d,80421.69,67434.84,run_20260218_093037,phase6
2026-02-18 09:36:01.606842,2026-08-17,180d,113507.83,67434.84,run_20260218_093037,phase6
2026-02-18 09:36:01.608653,2027-02-18,365d,120791.27,67434.84,run_20260218_093037,phase6
2026-02-18 12:19:27.862504,2026-02-19,1d,67164.16,67313.94,run_20260218_120004,phase6
2026-02-18 12:19:27.968120,2026-02-25,7d,66735.84,67313.94,run_20260218_120004,phase6
2026-02-18 12:19:27.973394,2026-03-20,30d,65625.25,67313.94,run_20260218_120004,phase6
2026-02-18 12:19:27.977965,2026-04-19,60d,71009.33,67313.94,run_20260218_120004,phase6
2026-02-18 12:19:27.983666,2026-05-19,90d,79909.49,67313.94,run_20260218_120004,phase6
2026-02-18 12:19:27.986084,2026-08-17,180d,123041.56,67313.94,run_20260218_120004,phase6
2026-02-18 12:19:27.988022,2027-02-18,365d,129432.31,67313.94,run_20260218_120004,phase6
2026-02-18 15:31:11.635954,2026-02-19,1d,67504.14,67601.78,run_20260218_150003,phase6
2026-02-18 15:31:11.744066,2026-02-20,2d,67666.95,67601.78,run_20260218_150003,phase6
2026-02-18 15:31:11.860844,2026-02-21,3d,67810.93,67601.78,run_20260218_150003,phase6
2026-02-18 15:31:11.959009,2026-02-23,5d,67543.3,67601.78,run_20260218_150003,phase6
2026-02-18 15:31:12.089538,2026-02-25,7d,67033.98,67601.78,run_20260218_150003,phase6
2026-02-18 15:31:12.095289,2026-03-05,15d,66182.4,67601.78,run_20260218_150003,phase6
2026-02-18 15:31:12.101265,2026-03-20,30d,65884.37,67601.78,run_20260218_150003,phase6
2026-02-18 15:31:12.107792,2026-04-19,60d,71312.97,67601.78,run_20260218_150003,phase6
2026-02-18 15:31:12.113314,2026-05-19,90d,80084.29,67601.78,run_20260218_150003,phase6
2026-02-18 15:31:12.117906,2026-08-17,180d,121660.98,67601.78,run_20260218_150003,phase6
2026-02-18 15:31:12.120171,2027-02-18,365d,130274.82,67601.78,run_20260218_150003,phase6
2026-02-18 18:35:51.237432,2026-02-19,1d,67917.97,68069.44,run_20260218_180003,phase6
2026-02-18 18:35:51.349589,2026-02-20,2d,68194.76,68069.44,run_20260218_180003,phase6
2026-02-18 18:35:51.474877,2026-02-21,3d,68316.48,68069.44,run_20260218_180003,phase6
2026-02-18 18:35:51.622872,2026-02-23,5d,68027.5,68069.44,run_20260218_180003,phase6
2026-02-18 18:35:51.770845,2026-02-25,7d,67526.76,68069.44,run_20260218_180003,phase6
2026-02-18 18:35:51.777144,2026-03-05,15d,66791.23,68069.44,run_20260218_180003,phase6
2026-02-18 18:35:51.782459,2026-03-20,30d,66410.26,68069.44,run_20260218_180003,phase6
2026-02-18 18:35:51.786849,2026-04-19,60d,71758.11,68069.44,run_20260218_180003,phase6
2026-02-18 18:35:51.792000,2026-05-19,90d,80858.8,68069.44,run_20260218_180003,phase6
2026-02-18 18:35:51.794753,2026-08-17,180d,120565.27,68069.44,run_20260218_180003,phase6
2026-02-18 18:35:51.797064,2027-02-18,365d,129390.34,68069.44,run_20260218_180003,phase6
2026-02-18 21:35:45.680299,2026-02-19,1d,67352.22,67512.23,run_20260218_210003,phase6
2026-02-18 21:35:45.758942,2026-02-20,2d,67673.74,67512.23,run_20260218_210003,phase6
2026-02-18 21:35:45.867280,2026-02-21,3d,67662.14,67512.23,run_20260218_210003,phase6
2026-02-18 21:35:45.975147,2026-02-23,5d,67455.1,67512.23,run_20260218_210003,phase6
2026-02-18 21:35:46.114049,2026-02-25,7d,67104.69,67512.23,run_20260218_210003,phase6
2026-02-18 21:35:46.132808,2026-03-05,15d,66926.2,67512.23,run_20260218_210003,phase6
2026-02-18 21:35:46.141451,2026-03-20,30d,65877.07,67512.23,run_20260218_210003,phase6
2026-02-18 21:35:46.149846,2026-04-19,60d,71170.7,67512.23,run_20260218_210003,phase6
2026-02-18 21:35:46.156379,2026-05-19,90d,80192.76,67512.23,run_20260218_210003,phase6
2026-02-18 21:35:46.159205,2026-08-17,180d,121096.98,67512.23,run_20260218_210003,phase6
2026-02-18 21:35:46.161187,2027-02-18,365d,126944.33,67512.23,run_20260218_210003,phase6
2026-02-19 03:32:46.387113,2026-02-19,1d,66918.84,67076.0,run_20260219_030005,phase6
2026-02-19 03:32:46.489579,2026-02-20,2d,67293.73,67076.0,run_20260219_030005,phase6
2026-02-19 03:32:46.616759,2026-02-21,3d,67252.11,67076.0,run_20260219_030005,phase6
2026-02-19 03:32:46.743039,2026-02-23,5d,66951.85,67076.0,run_20260219_030005,phase6
2026-02-19 03:32:46.877018,2026-02-25,7d,66559.84,67076.0,run_20260219_030005,phase6
2026-02-19 03:32:46.886708,2026-03-05,15d,66408.0,67076.0,run_20260219_030005,phase6
2026-02-19 03:32:46.896257,2026-03-20,30d,66210.96,67076.0,run_20260219_030005,phase6
2026-02-19 03:32:46.906426,2026-04-19,60d,72689.12,67076.0,run_20260219_030005,phase6
2026-02-19 03:32:46.915768,2026-05-19,90d,80606.42,67076.0,run_20260219_030005,phase6
2026-02-19 03:32:46.919704,2026-08-17,180d,122895.05,67076.0,run_20260219_030005,phase6
2026-02-19 03:32:46.924624,2027-02-18,365d,121290.73,67076.0,run_20260219_030005,phase6
2026-02-19 06:29:21.241917,2026-02-19,1d,66145.86,66265.62,run_20260219_060004,phase6
2026-02-19 06:29:21.358640,2026-02-20,2d,66489.96,66265.62,run_20260219_060004,phase6
2026-02-19 06:29:21.524325,2026-02-21,3d,66484.74,66265.62,run_20260219_060004,phase6
2026-02-19 06:29:21.651929,2026-02-23,5d,66086.39,66265.62,run_20260219_060004,phase6
2026-02-19 06:29:21.791830,2026-02-25,7d,65839.98,66265.62,run_20260219_060004,phase6
2026-02-19 06:29:21.799944,2026-03-05,15d,66206.73,66265.62,run_20260219_060004,phase6
2026-02-19 06:29:21.809414,2026-03-20,30d,66811.16,66265.62,run_20260219_060004,phase6
2026-02-19 06:29:21.817235,2026-04-19,60d,73001.57,66265.62,run_20260219_060004,phase6
2026-02-19 06:29:21.825178,2026-05-19,90d,79477.75,66265.62,run_20260219_060004,phase6
2026-02-19 06:29:21.829037,2026-08-17,180d,124946.24,66265.62,run_20260219_060004,phase6
2026-02-19 06:29:21.832329,2027-02-18,365d,130109.59,66265.62,run_20260219_060004,phase6
2026-02-19 09:34:53.362267,2026-02-19,1d,66383.08,66443.41,run_20260219_090004,phase6
2026-02-19 09:34:53.485984,2026-02-20,2d,66647.85,66443.41,run_20260219_090004,phase6
2026-02-19 09:34:53.569021,2026-02-21,3d,66709.53,66443.41,run_20260219_090004,phase6
2026-02-19 09:34:53.714410,2026-02-23,5d,66338.27,66443.41,run_20260219_090004,phase6
2026-02-19 09:34:53.808503,2026-02-25,7d,66018.14,66443.41,run_20260219_090004,phase6
2026-02-19 09:34:53.815010,2026-03-05,15d,66624.27,66443.41,run_20260219_090004,phase6
2026-02-19 09:34:53.821794,2026-03-20,30d,66166.08,66443.41,run_20260219_090004,phase6
2026-02-19 09:34:53.832396,2026-04-19,60d,72459.5,66443.41,run_20260219_090004,phase6
2026-02-19 09:34:53.838663,2026-05-19,90d,79797.86,66443.41,run_20260219_090004,phase6
2026-02-19 09:34:53.841112,2026-08-17,180d,113848.87,66443.41,run_20260219_090004,phase6
2026-02-19 09:34:53.843622,2027-02-18,365d,125216.75,66443.41,run_20260219_090004,phase6
2026-02-19 12:35:00.935793,2026-02-20,1d,66609.34,66678.27,run_20260219_120008,phase6
2026-02-19 12:35:01.022117,2026-02-21,2d,66771.75,66678.27,run_20260219_120008,phase6
2026-02-19 12:35:01.129649,2026-02-22,3d,66800.55,66678.27,run_20260219_120008,phase6
2026-02-19 12:35:01.267029,2026-02-24,5d,66593.97,66678.27,run_20260219_120008,phase6
2026-02-19 12:35:01.381624,2026-02-26,7d,66165.82,66678.27,run_20260219_120008,phase6
2026-02-19 12:35:01.389972,2026-03-06,15d,65970.06,66678.27,run_20260219_120008,phase6
2026-02-19 12:35:01.398168,2026-03-21,30d,66381.13,66678.27,run_20260219_120008,phase6
2026-02-19 12:35:01.405327,2026-04-20,60d,70386.05,66678.27,run_20260219_120008,phase6
2026-02-19 12:35:01.415702,2026-05-20,90d,76766.3,66678.27,run_20260219_120008,phase6
2026-02-19 12:35:01.420378,2026-08-18,180d,119377.09,66678.27,run_20260219_120008,phase6
2026-02-19 12:35:01.423756,2027-02-19,365d,131376.3,66678.27,run_20260219_120008,phase6
2026-02-19 15:39:16.238135,2026-02-20,1d,66834.72,66832.67,run_20260219_150118,phase6
2026-02-19 15:39:16.331074,2026-02-21,2d,66956.15,66832.67,run_20260219_150118,phase6
2026-02-19 15:39:16.456786,2026-02-22,3d,67100.99,66832.67,run_20260219_150118,phase6
2026-02-19 15:39:16.620153,2026-02-24,5d,66709.62,66832.67,run_20260219_150118,phase6
2026-02-19 15:39:16.778888,2026-02-26,7d,66320.04,66832.67,run_20260219_150118,phase6
2026-02-19 15:39:16.788511,2026-03-06,15d,66683.95,66832.67,run_20260219_150118,phase6
2026-02-19 15:39:16.796692,2026-03-21,30d,66685.31,66832.67,run_20260219_150118,phase6
2026-02-19 15:39:16.803636,2026-04-20,60d,70554.99,66832.67,run_20260219_150118,phase6
2026-02-19 15:39:16.809379,2026-05-20,90d,77838.24,66832.67,run_20260219_150118,phase6
2026-02-19 15:39:16.812647,2026-08-18,180d,118827.64,66832.67,run_20260219_150118,phase6
2026-02-19 15:39:16.816169,2027-02-19,365d,134558.22,66832.67,run_20260219_150118,phase6
